транскрипция;орфография;часть речи;английский перевод;русский перевод
anda;анда;n;forehead;лоб
NOM.PL: andube;NOM.PL: андубе;;;
be?';бечI;n;head;голова
NOM.PL: bu?'re;NOM.PL: бучIре;;;
?'amuk'ani;чIамукIани;n;jaw;челюсть
NOM.PL: ?'amuk'une;NOM.PL: чIамукIуне;;;
?'imi?'ala;чIимичIала;n;eyelash;ресница
NOM.PL: ?'imi?'ule, ?'imi?'une;NOM.PL: чIимичIуле, чIимичIуне;;;
?ar?;чарх;n;body;тело
NOM.PL: ?ur?le;NOM.PL: чурхле;;;
cula;цула;n;tooth;зуб
NOM.PL: culbe;NOM.PL: цулбе;;;
da??;дяхI;n;face;лицо
dubi;дуби;n;mouth;рот
NOM.PL: dubre;NOM.PL: дубре;;;
?u?li;хIуIли;n;eye;глаз
NOM.PL: ?ulbe;NOM.PL: хIулбе;;;
k'?et';кIветI;n;lip;губа
NOM.PL: k'ut'be;NOM.PL: кIутIбе;;;
kuc;куц;n;appearance;внешний вид
NOM.PL: kucane;NOM.PL: куцане;;;
la??i;ляжи;n;cheek;щека
NOM.PL: la??ube;NOM.PL: ляжубе;;;
li?i;лихIи;n;ear;ухо
NOM.PL: li?be;NOM.PL: лихIбе;;;
nizmi;низми;n;tongue;язык
NOM.PL: nizme;NOM.PL: низме;;;
muc'ulla q'a?'a;муцIулла къачIа;n;chin;подбородок
NOM.PL: muc'?rt;NOM.PL: муцIурт;;;
mu?li;мухIли;n;beak;клюв
NOM.PL: mu?lume;NOM.PL: мухIлуме;;;
??e;хве;n;dog;собака
NOM.PL: ?urhe;NOM.PL: хургье;;;
ned;нед;n;brow;бровь
NOM.PL: nudbe;NOM.PL: нудбе;;;
q'aq'ari;къакъари;n;throat;горло
NOM.PL: (q'aq'urme), q'aq'urt;NOM.PL: (къакъурме), къакъурт;;;
q'arq'ala;къаркъала;n;dead body;тело (мертвого)
NOM.PL: q'arq'ult;NOM.PL: къаркъулт;;;
q'asa cula;къаса цула;n;molar;коренной зуб
q?a?nt'a, qa?b;хъвянтIа, хъяб;n;neck;шея
NOM.PL: q?a?nt'ne, (qa?bne), q?a?nt'ube, qa?bre;NOM.PL: хъвянтIне, (хъябне), хъвянт1убе, хъвябре;;;
?um?ut'i;шумшутIи;n;nose;нос
NOM.PL: ?um?ut'une;NOM.PL: шумшутIуне;;;
bala;бала;n;fur;шерсть
NOM.PL: balube;NOM.PL: балубе;;;
bar?a??ari;бархаъвари;n;colon;толстая кишка
NOM.PL: bar?a?ure;NOM.PL: бархаъуре;;;
batari;батари;n;wing;крыло
NOM.PL: baturme, baturt;NOM.PL: батурме, батурт;;;
be?'la me??a;бечIла мехIва;n;brяn;головной мозг
NOM.PL: be?'la me??ne;NOM.PL: бечIла мехIвне;;;
bur?a;бурхIа;n;udder;вымя (у любого скота)
NOM.PL: bur?ne;NOM.PL: бурхIне;;;
buruk';бурукI;n;hip;верхняя часть ноги животного
NOM.PL: buruk'me, buruk'une;NOM.PL: бурукIме, бурукIуне;;;
but'a;бутIа;n;bit;кусок
NOM.PL: but'ne;NOM.PL: бутIне;;;
?'im;чIим;n;span;пядь большая (от большого пальца до мизинца)
NOM.PL: ?'imane;NOM.PL: чIимане;;;
?ag?i;чагви;n;buttock;задница
NOM.PL: ?ag?ne;NOM.PL: чагвне;;;
?'imi;чIими;n;tяl;хвост
NOM.PL: ?'imne;NOM.PL: чIимне;;;
?uri;чури;n;brяd;коса женская (половина пробора)
NOM.PL: ?urme;NOM.PL: чурме;;;
daga;дага;n;leg;нога
NOM.PL: dagube;NOM.PL: дагубе;;;
da?qi;дяхъи;n;wound;рана
NOM.PL: da?qu(r)be;NOM.PL: дяхъу(р)бе;;;
di?;диъ;n;meat;мясо
NOM.PL: di?ane;NOM.PL: диъане;;;
du?nala;духIнала;n;entrяls;внутренности
NOM.PL: du?nult;NOM.PL: духIнулт;;;
dule?';дулечI;n;liver;печень
NOM.PL: dul?'me;NOM.PL: дулчIме;;;
gaza na??;газа нягъ;n;elbow;локоть
NOM.PL: gaza nu?e;NOM.PL: газа нугъе;;;
?ant'i;гIантIи;n;sperm;сперма
Pluralia Tantum;Pluralia Tantum;;;
gubul;губул;n;toe;палец ноги
NOM.PL: gubl?;NOM.PL: губле?;;;
guli;гули;n;hide of small hoofed animal;шкура мелкокопытного
стар. п. ?uli;стар. п. гъули;;;
NOM.PL: gulbe;NOM.PL: гулбе;;;
стар. п. NOM.PL: ?ulbe;стар. п. NOM.PL: гъулбе;;;
?arzi;хIарзи;n;notch (on a sheep's ear);метка (на ухе овцы)
NOM.PL: ?arzi;NOM.PL: хIарзи;;;
?ila tum;хIила тум;n;blood-vessel;кровеносный сосуд
NOM.PL: ?ila tumane;NOM.PL: хIила тумане;;;
hunuh;гьунугь;n;esophagus;пищевод
NOM.PL: hunuhune;NOM.PL: гьунугьуне;;;
mama;мама;n;nipple;сосок человека
NOM.PL: mamne;NOM.PL: мамне;;;
ir?e;иргъе;n;nates;ягодицы
NOM.PL: ir?me;NOM.PL: иргъме;;;
k'ac';кIацI;n;spleen;селезенка
NOM.PL: k'uc're;NOM.PL: кIуцIре;;;
k'e?;кIех;n;hide of big hoofed animal (fresh);шкура крупнокопытного (свежая)
NOM.PL: k'e?ane, k'u?re;NOM.PL: кIехане, кIухре;;;
k'?a??;кIвяш;n;handful (one hand);горсть (одной руки)
NOM.PL: k'?a??ane;NOM.PL: кIвяшане;;;
ker;кер;n;hide of big hoofed animal (dried);шкура крупнокопытного (сухая)
NOM.PL: kerane;NOM.PL: керане;;;
kesek;кесек;n;small piece;маленький кусок
NOM.PL: kesekune;NOM.PL: кесекуне;;;
k?a?';квачI;n;paw;лапа
NOM.PL: ku?'re;NOM.PL: кучIре;;;
liga;лига;n;bone;кость
NOM.PL: ligube;NOM.PL: лигубе;;;
mant'u;мантIу;n;penis (of a child);член (у ребёнка)
NOM.PL: mant'ne;NOM.PL: мантIне;;;
maxa;махьа;n;ferment of maw;закваска из сычуга
NOM.PL: maxne;NOM.PL: махьне;;;
me?;мехI;n;handfull (two hands);горсть (двумя руками)
NOM.PL: mu?re, me?ane;NOM.PL: мухIре, мехIане;;;
miqiri;михъири;n;breast of a ram;грудь (у барана)
NOM.PL: miqurt;NOM.PL: михъурт;;;
muc'ur;муцIур;n;beard;борода
NOM.PL: muc'urt;NOM.PL: муцIурт;;;
mu?;муъ;n;back;спина
NOM.PL: mu?ane;NOM.PL: муъане;;;
muq'li?u;мукъличу;n;small piece of bread;маленький кусок хлеба
NOM.PL: muq'li?une;NOM.PL: мукъличуне;;;
na??;нягъ;n;hand;рука
NOM.PL: nu?e?;NOM.PL: нугъеI;;;
nik?a;никва;n;nяl;ноготь
NOM.PL: nikube;NOM.PL: никубе;;;
p'a?t'u;пIятIу;n;lips of pudendum;половые губы
NOM.PL: p'a?t'ne;NOM.PL: пIятIне;;;
paj;пай;n;land tract;земельный участок
NOM.PL: pajane;NOM.PL: пайане;;;
pal?a;палча;n;big piece;большой кусок
NOM.PL: pal?ne;NOM.PL: палчне;;;
po?oli;пoхIoли;n;feather;перо
NOM.PL: po?le;NOM.PL: пoхIле;;;
q'a??'a;къячIа;n;heel;пятка
NOM.PL: q'a??'ube;NOM.PL: къячIубе;;;
q'ama;къама;n;hяrdo of a men;прическа мужская
NOM.PL: q'amne;NOM.PL: къамне;;;
q'amaku;къамаку;n;mane;грива лошади
NOM.PL: q'amakune;NOM.PL: къамакуне;;;
q'am?'a;къамчIа;n;crown;гребень петуха
NOM.PL: q'am?'ne;NOM.PL: къамчIне;;;
q'amsi;къамси;n;gristle;хрящ
NOM.PL: q'amsne;NOM.PL: къамсне;;;
q'uleq'a;къулекъа;n;ovum;яйца (у человека и барана)
NOM.PL: q'ulq'me;NOM.PL: къулкъме;;;
q'uq'a;къукъа;n;knee;колено
NOM.PL: q'uq'ube;NOM.PL: къукъубе;;;
qar?'ala;хъарчIала;n;shoulder;плечо
NOM.PL: qar?'ulbe, qar?'ult;NOM.PL: хъарчIулбе, хъарчIулт;;;
qat;хъат;n;palm;ладонь
NOM.PL: qutre;NOM.PL: хъутре;;;
qazam;хъазам;n;breast (of a human);грудь (у человека)
NOM.PL: qazamt;NOM.PL: хъазамт;;;
qi;хъи;n;horn;рог
NOM.PL: qime;NOM.PL: хъиме;;;
qudu;хъуду;n;navel;пупок
NOM.PL: qudne;NOM.PL: хъудне;;;
q?a?'im;хъвачIим;n;yard;пядь малая (от большого пальца до указательного)
NOM.PL: q?a?'imt;NOM.PL: хъвачIимт;;;
?ab;гъаб;n;hoof (of a horse, donkey);копыто (лошади, осла)
NOM.PL: ?abane;NOM.PL: гъабане;;;
?aga;гъага;n;belly;живот
NOM.PL: ?ugne;NOM.PL: гъугне;;;
rix;рихь;n;penis;член мужской
NOM.PL: rixane;NOM.PL: рихьане;;;
?iz;гъиз;n;hяr;волос (волосяной покров головы)
NOM.PL: ?izbe;NOM.PL: гъизбе;;;
rud;руд;n;small intestine;тонкая кишка
;NOM.PL: руде;;;
?u?a;гъугъа;n;duodenum;двенадцатиперстная кишка
NOM.PL: ?u?ne;NOM.PL: гъугъне;;;
?al??ala k'aw?;шалъвала кIавъ;n;armpit;подмышка
NOM.PL: ?al??ala k'aw?ane;NOM.PL: шалъвала кIавъане;;;
?iq';шикъ;n;hoof (of a cow, ram);копыто (коровы, барана)
NOM.PL: ?iq'ane;NOM.PL: шикъане;;;
sersit'ani;серситIани;n;moustache;ус
NOM.PL: sersit'une;NOM.PL: серситIуне;;;
t'ul;тIул;n;finger;палец руки
NOM.PL: t'ule;NOM.PL: тIуле;;;
t'inx;тIинхь;n;pimple;прыщ
NOM.PL: t'inxbe;NOM.PL: тIинхьбе;;;
um?et';умхетI;n;maw;сычуг
urcec';урцецI;n;kindney;почка
NOM.PL: urcec'une;NOM.PL: урцецIуне;;;
urdur;урдур;n;hip;бедро
NOM.PL: urdurbe;NOM.PL: урдурбе;;;
urk'i;уркIи;n;heart;сердце
NOM.PL: urk'be;NOM.PL: уркIбе;;;
?amalag;хамалаг;n;brawn;туша
NOM.PL: ?amalagune;NOM.PL: хамалагуне;;;
??arhala;хваргьала;n;lung;легкое
NOM.PL: ?urh?le, ??arhult;NOM.PL: хургьвле, хваргьулт;;;
?unk';хункI;n;fist;кулак
NOM.PL: ?unk'ane;NOM.PL: хункIане;;;
zilik';зиликI;n;shin;голень
NOM.PL: zilk'me;NOM.PL: зилкIме;;;
abaj;абай;n;mother;мать
NOM.PL: abajqale;NOM.PL: абайхъале;;;
adaj;адай;n;father;отец
NOM.PL: adajqale;NOM.PL: адайхъале;;;
q'unek'ari;къунекIари;n;second cousin;троюродный брат, сестра
NOM.PL: q'umbuk'ure;NOM.PL: къумбукIуре;;;
ruzi;рузи;n;sister;сестра
NOM.PL: ruzbe;NOM.PL: рузбе;;;
ruziq'ari;рузикъари;n;cousin (sister);двоюродная сестра
NOM.PL: ruzbuq'ure;NOM.PL: рузбукъуре;;;
uzi;узи;n;brother;брат
NOM.PL: uzbe;NOM.PL: узбе;;;
uziq'ari;узикъари;n;cousin (brother);двоюродный брат
NOM.PL: uzbuq'ure;NOM.PL: узбукъуре;;;
adami;адами;n;man;мужчина, муж
NOM.PL: adamule;NOM.PL: адамуле;;;
askar (azkar);аскар (азкар);n;armed cohort;вооруженный отряд
NOM.PL: askart (azkart);NOM.PL: аскарт (азкарт);;;
bec';бецI;n;wolf;волк
NOM.PL: buc'e;NOM.PL: буцIе;;;
buk'un;букIун;n;shepherd;овечий пастух
NOM.PL: buk'unume, buk'unt;NOM.PL: букIунуме, букIунт;;;
bu?a;бугъа;n;ox;бык-производитель
NOM.PL: bu?ne;NOM.PL: бугъне;;;
?ibiq'ari;чибикъари;n;sheep (1-3 years old);овца (1-3 года)
NOM.PL: ?ibiq'urt, ?ibiq'ure;NOM.PL: чибикъурт, чибикъуре;;;
dakda;дакда;n;rooster;петух
NOM.PL: dakdube, dakdne;NOM.PL: дакдубе, дакдне;;;
dawa;дава;n;hornless male goat;безрогий козел
NOM.PL: dawne;NOM.PL: давне;;;
do?r?o?;дoIрхIoI;n;animal's cub;детеныш животного
NOM.PL: do?r?ne, do?r?be;NOM.PL: дoIрхIне, дoIрхIбе;;;
dulaj;дулай;n;lamb (2-3 months old);ягненок (2-3 месяца)
NOM.PL: dul?me;NOM.PL: дулъме;;;
dursi;дурси;n;daughter (girl);дочь (девочка)
NOM.PL: dursbe;NOM.PL: дурсбе;;;
eli;эли;n;child;ребенок
NOM.PL: ule;NOM.PL: уле;;;
enc'er;энцIер;n;deer;олень
NOM.PL: enc'ert;NOM.PL: енцIерт;;;
e?a;эжа;n;female goat;коза
NOM.PL: e?me;NOM.PL: ежме;;;
ge?ba;гежба;n;goatling (younger than a year);козленок (до года)
NOM.PL: gu?be;NOM.PL: гужбе;;;
?a?r??a;гIяргIва;n;hen;курица
NOM.PL: ?a?r??ne;NOM.PL: гIяргIвне;;;
?o?ri, ?ari;гIоIри, гIари;n;hare;заяц
NOM.PL: ?o?rme, ?arme;NOM.PL: гIoIрме, гIарме;;;
?u??ruq';гIуIжрукъ;n;hedgehog;еж
NOM.PL: ?u??ruq'une;NOM.PL: гIуIжрукъуне;;;
gurda;гурда;n;fox;лиса
NOM.PL: gurdne;NOM.PL: гурдне;;;
g?aza;гваза;n;mare;кобыла
NOM.PL: g?azne;NOM.PL: гвазне;;;
g?a?a;гважа;n;bitch;сука
NOM.PL: g?a?ne;NOM.PL: гважне;;;
ham?aluq;гьамхIалухъ;n;mule;мул
NOM.PL: ham?aluqune;NOM.PL: гьамхIалухъуне;;;
?anq'akan;хIанкъакан;n;cattleman;пастух скота
NOM.PL: ?anq'akule;NOM.PL: хIанкъакуле;;;
insan;инсан;n;man;человек
NOM.PL: insant;NOM.PL: инсант;;;
irqi?i;ирхъичи;n;horse wrangler;пастух табуна
NOM.PL: irqi?unt, irqi?une;NOM.PL: ирхъичунт, ирхъичуне;;;
ja?bu;йябу;n;male horse;конь
NOM.PL: ja?bne;NOM.PL: йябне;;;
k'ume?;кIумеш;n;bull-calf (older than a year, non-castrated);бычок после года (не кастр.)
NOM.PL: k'um?e;NOM.PL: кIумше;;;
kac'a;кацIа;n;puppy;щенок
NOM.PL: kac'ne;NOM.PL: кацIне;;;
k?iha;квигьа;n;ram;взрослый баран
NOM.PL: k?ihme;NOM.PL: квигьме;;;
mal?u?n;малгIуIн;n;wolf;волк
NOM.PL: mal?u?nt;NOM.PL: малгIуIнт;;;
maza;маза;n;sheep;овца
NOM.PL: maza;NOM.PL: маза;;;
muq'ara;мукъара;n;lamb (younger that a year);ягненок (до года)
NOM.PL: muq're;NOM.PL: мукъре;;;
q'a?ca;къяца;n;male goat;козел
NOM.PL: q'a?cme;NOM.PL: къяцме;;;
q'?a?l;къвял;n;cow;корова
NOM.PL: q'?a?le;NOM.PL: къвяле;;;
q?at'i;хъватIи;n;adult sheep;взрослая овца, овцематка
NOM.PL: q?at'ne;NOM.PL: хъватIне;;;
?aban;гъабан;n;swine;кабан
NOM.PL: ?abant;NOM.PL: гъабант;;;
?a?a;гъача;n;calf (younger than a year);теленок (до года)
NOM.PL: ?a?ne;NOM.PL: гъачне;;;
r=igul;ригул;adj;matched;засватанная
NOM.PL: r=igult;NOM.PL: ригулт;;;
sinka;синка;n;bear;медведь
NOM.PL: sinkbe;NOM.PL: синкбе;;;
t'u?angari;тIухIангари;n;heifer (1-3 years old);телка (от года до трех лет)
NOM.PL: t'o?angurbe, t'u?angurbe;NOM.PL: тIoхIангурбе, тIухIангурбе;;;
ta?j;тяй;n;foal;жеребенок
NOM.PL: to?jre;NOM.PL: тoIйре;;;
tar?;таръ;n;weasel;горностай
NOM.PL: tar?ane;NOM.PL: таръане;;;
ukduri;укдури;n;bride;невеста
NOM.PL: ukdurme;NOM.PL: укдурме;;;
unc;унц;n;ox (castrated);вол (кастрированный)
NOM.PL: unce;NOM.PL: унце;;;
ur?i;урчи;n;male horse;конь
NOM.PL: ur?ne?;NOM.PL: урчне?;;;
ur?i;урши;n;son, boy;сын, мальчик
NOM.PL: ur?be;NOM.PL: уршбе;;;
waca;ваца;n;mouse;мышь
NOM.PL: wacne;NOM.PL: вацне;;;
??a?rc';ххярцI;n;marten;куница
NOM.PL: ??a?rc'ane, ??a?rc'nube;NOM.PL: ххярцIане, ххярцIнубе;;;
?alq';халкъ;n;crowd;много народу
NOM.PL: ?alq'ane;NOM.PL: халкъане;;;
xunul;хьунул;n;woman, wife;женщина, жена
NOM.PL: xuhe;NOM.PL: хьугье;;;
?ama?t;жамят;n;people;народ
?anawar;жанавар;n;wolf;волк
NOM.PL: ?anawart;NOM.PL: жанаварт;;;
?um;жум;n;goatling (1-3 years old);козленок (1-3 года)
NOM.PL: ?umane;NOM.PL: жумане;;;
gatu;гату;n;cat;кошка (кот)
NOM.PL: gatne;NOM.PL: гатне;;;
buru?;буруш;n;nest;гнездо
NOM.PL: bur?me;NOM.PL: буршме;;;
?eq?a?;чехъвя;n;bird;птица
NOM.PL: ?eq?ne;NOM.PL: чехъвне;;;
?Ii?Ia;чIичIа;n;worm;червь (в т.ч. дождевой)
NOM.PL: ?Ii?Ine;NOM.PL: чIичIне;;;
gan;ган;n;snake;змея
стар. п. ?an;стар. п. гъан;;;
NOM.PL: gune;NOM.PL: гуне;;;
стар. п. NOM.PL: гъуне;стар. п. NOM. PL: гъуне;;;
gegu;гегу;n;cuckoo;кукушка
NOM.PL: geg?ne, gugbe;NOM.PL: гегвне, гугбе;;;
?a?t'a;гIятIа;n;frog;лягушка
NOM.PL: ?a?t'ne;NOM.PL: гIятIне;;;
k'as;кIас;n;fish;рыба
NOM.PL: k'usre;NOM.PL: кIусре;;;
lah?i;лагьви;n;pigeon;голубь
NOM.PL: lah?ne;NOM.PL: лагьвне;;;
lap'lap';лапIлапI;n;eagle;орел
NOM.PL: lap'lap'une;NOM.PL: лапIлапIуне;;;
??ana;гъвана;n;crow;ворона
NOM.PL: ??anube;NOM.PL: гъванубе;;;
?a?bi;гъагъби;n;quяl;куропатка
NOM.PL: ?u?be;NOM.PL: гъугъбе;;;
?ur?ut'ani;шуршутIани;n;lizard;ящерица
NOM.PL: ?ur?ut'une;NOM.PL: шуршутIуне;;;
t'umi;тIуми;n;night predatory bird (owl);ночная хищная птица (филин, сова)
NOM.PL: t'umne;NOM.PL: тIумне;;;
ur?ut'i;урчутIи;n;shallow;ласточка
NOM.PL: ur?ut'une;NOM.PL: урчутIуне;;;
a?bazan;ахбазан;n;apricot;абрикос
NOM.PL: a?bazan(t);NOM.PL: ахбазан(т);;;
bukani ?er?i;букани шерши;n;onion;лук
NOM.PL: bukani ?er?nube;NOM.PL: букани шершнубе;;;
buq'ani ?er?i;букъани шерши;n;garlic;чеснок
NOM.PL: buq'ani ?er?nube;NOM.PL: букъани шершнубе;;;
c'erc';цIерцI;n;dragonfly;стрекоза
NOM.PL: c'urc'be;NOM.PL: цIурцIбе;;;
c'ih?a;цIигьва;n;flea;блоха
NOM.PL: c'ih?ne;NOM.PL: цIигьвне;;;
?'a??a?;чIягIя;n;cane;камыш
NOM.PL: ?'a??obe, ?'a??a?, ?'a??u?be;NOM.PL: чIягIoбе, чIягIя, чIягIуIбе;;;
?'ak'u, ?'ak'ultan;чIакIу, чIакIултан;n;beet-root;свекла
NOM.PL: ?'ak'ne, ?'ak'ultune;NOM.PL: чIакIне, чIакIултуне;;;
??i??a;чIичIа;n;bug;жук
NOM.PL: ??i??ne;NOM.PL: чIичIне;;;
duz;дуз;n;forest;лес
NOM.PL: duzunt, duzume;NOM.PL: дузунт, дузуме;;;
anci;анци;n;cumins;тмин
NOM.PL: anci;NOM.PL: анци;;;
?a?nk'a;гIянкIа;n;skin, rind, shell, peel;кожа, кора, скорлупа, кожура
NOM.PL: ?a?nk'be;NOM.PL: гIянкIбе;;;
?a?r?a?;гIяргIя;n;weed;сорняк
NOM.PL: ?a?r?nube (?ar?-nube);NOM.PL: гIяргIнубе (гIаргI-нубе);;;
gingi;гинги;n;pigeon pea;мелкий горох
NOM.PL: gingnube;NOM.PL: гингнубе;;;
guder;гудер;n;stub for chopping;пень для рубки дров
NOM.PL: gudert;NOM.PL: гудерт;;;
gurc'u;гурцIу;n;berry;ягоды
gur?i qara;гуржи хъара;n;bean;фасоль
NOM.PL: gur?i qarube, qara;NOM.PL: гуржи хъарубе, хъара;;;
?aq'ur;хIакъур;n;burdock, plant with big leaves;лопух, растение с крупными листьями
NOM.PL: ?aq'urt;NOM.PL: хIакъурт;;;
inc;инц;n;apple;яблоко
NOM.PL: incbe;NOM.PL: инцбе;;;
irc'ala;ирцIала;n;weed;сорняк в поле
NOM.PL: irc'alt;NOM.PL: ирцIалт;;;
k'ap'i;кIапIи;n;leaf;лист
NOM.PL: k'ap're;NOM.PL: кIапIре;;;
kartu?ka, kaltu?ka;картушка, калтушка;n;potato;картошка
NOM.PL: kartu?kune, kartu?ka, kaltu?kune;NOM.PL: картушкуне, картушка, калтушкуне;;;
k?araga;кварага;n;apricot;абрикос
NOM.PL: k?aragume, k?araga;NOM.PL: кварагуме, кварага;;;
q'?ar?;къварч;n;peach;персик
NOM.PL: q'ur?be;NOM.PL: къурчбе;;;
k?ar?a, k?ab?a;кварча, квабча;n;bush;куст (травы)
NOM.PL: k?ar?ne;NOM.PL: кварчне;;;
ma?q'?;мякъв;n;root;корень
NOM.PL: ma?q'?e;NOM.PL: мякъве;;;
mirqi;мирхъи;n;bee;пчела (шмель)
NOM.PL: mirqe, mirqne;NOM.PL: мирхъе, мирхъне;;;
mura;мура;n;hay;сено
NOM.PL: murube;NOM.PL: мурубе;;;
nabadur;набадур;n;carrot;морковь
NOM.PL: nabadurt, nabadure;NOM.PL: набадурт, набадуре;;;
ner?;неръ;n;louse;вошь
NOM.PL: nur?be;NOM.PL: нуръбе;;;
niz;низ;n;nettle;крапива
NOM.PL: nizbe;NOM.PL: низбе;;;
q'a?a;къахIа;n;turnip;репа
NOM.PL: q'a?ne;NOM.PL: къахIне;;;
q'a?j?i;къяйъи;n;branch;ветка
NOM.PL: q'a?j?ube;NOM.PL: къяйъубе;;;
q'ar;къар;n;grass;трава
NOM.PL: q'arane;NOM.PL: къаране;;;
q'i;къи;n;nit;гнида
NOM.PL: q'ime;NOM.PL: къиме;;;
q'um?;къумъ;n;stone;косточка (плода)
NOM.PL: q'um?e;NOM.PL: къумъе;;;
k'urk'ula;кIуркIула;n;alycha;алыча
NOM.PL: k'urk'ult;NOM.PL: кIуркIулт;;;
qa?r?;хъяръ;n;pear;груша
NOM.PL: qo?r?be, qa?r?be;NOM.PL: хъoIръбе, хъяръбе;;;
qara;хъара;n;pea;горох
NOM.PL: qarube;NOM.PL: хъарубе;;;
qaraq;хъарахъ;n;thorn, burr;колючка (шип растения), колючее растение
NOM.PL: qarqme;NOM.PL: хъархъме;;;
qinc';хъинцI;n;tick;клещ
NOM.PL: qinc'be;NOM.PL: хъинцIбе;;;
??et';гъветI;n;tree;дерево
NOM.PL: ?ut'be;NOM.PL: гъутIбе;;;
?a?ban;шахIбан;n;forest nut;лесной орех
NOM.PL: ?a?bant;NOM.PL: шахIбант;;;
?ini?;шиниш;n;paste;клей (из муки и воды)
?umeri;шумери;n;mint;мята
NOM.PL: ?umeri;NOM.PL: шумери;;;
sida;сида;n;gum;смола, жвачка
NOM.PL: sidne;NOM.PL: сидне;;;
t'ut'i;тIутIи;n;grape;виноград
NOM.PL: t'ut'urbe;NOM.PL: тIутIурбе;;;
t'uka;тIука;n;wasp;оса
NOM.PL: t'ukne;NOM.PL: тIукне;;;
urculi;урцули;n;log;полено, дрова
NOM.PL: urcult;NOM.PL: урцулт;;;
wawa;вава;n;flower;цветок
;NOM.PL: вавне;;;
?iwh;хивгь;n;nut;орех
NOM.PL: ?iwhe;NOM.PL: хивгье;;;
abdija;абдийа;n;butterfly;бабочка
NOM.PL: abdijart, abdijartune;NOM.PL: абдийарт, абдийартуне;;;
c'erc';цIерцI;n;grasshopper;кузнечик
NOM.PL: c'urc'be, (c'umc're);NOM.PL: цIурцIбе, (цIумцIре);;;
?umerz;хIумерз;n;gadfly;овод
NOM.PL: ?umurzune;NOM.PL: хIумурзуне;;;
imi?ula, imi??ala;имиъула, имиъвала;n;ant;муравей
NOM.PL: imi?ule;NOM.PL: имиъуле;;;
ims;имс;n;moth;моль
NOM.PL: imsne;NOM.PL: имсне;;;
k'ara;кIара;n;mosquito;комар
NOM.PL: k'arme;NOM.PL: кIарме;;;
mirqi;мирхъи;n;bee;пчела
NOM.PL: mirqe;NOM.PL: мирхъе;;;
qizirqala;хъизирхъала;n;spider;паук
NOM.PL: qizirqule;NOM.PL: хъизирхъуле;;;
?ulek;шулек;n;helminth;глист
NOM.PL: ?ulke;NOM.PL: шулке;;;
t'ant';тIантI;n;fly;муха
NOM.PL: t'unt're;NOM.PL: тIунтIре;;;
an?'i;анчIи;n;wheat;пшеница
NOM.PL: an?'urbe;NOM.PL: анчIурбе;;;
andari;андари;n;knot;узелок
NOM.PL: andurbe;NOM.PL: андурбе;;;
barda;барда;n;ax;топор
NOM.PL: bardne;NOM.PL: бардне;;;
bet'u;бетIу;n;paste;тесто
NOM.PL: bet'ne;NOM.PL: бетIне;;;
bul;бул;n;noose;петля
NOM.PL: bulane;NOM.PL: булане;;;
burt;бурт;n;sour cream;сметана
NOM.PL: burt;NOM.PL: бурт;;;
?'u?a?;чIугIя;n;straw, stick;соломинка, палочка
NOM.PL: ?'u?ne, ?'o?ne;NOM.PL: чIугIне, чIoгIне;;;
?akma;чакма;n;rubber boots;резиновые сапоги
NOM.PL: ?akmardune;NOM.PL: чакмардуне;;;
?ubu?ari;чубушари;n;hat of a married woman;чухта
NOM.PL: ?ubu?urt;NOM.PL: чубушурт;;;
?udu;чуду;n;grяn product with filling;хлебное изделие с начинкой
NOM.PL: ?udne;NOM.PL: чудне;;;
duk';дукI;n;bow (for two);ярмо (на двоих)
NOM.PL: duk'ane;NOM.PL: дукIане;;;
dul?a;дулгъа;n;sleeve;рукав
NOM.PL: dul?ube;NOM.PL: дулгъубе;;;
gala;гала;n;pitchfork;вилы
страр. п. ?ala;страр. п. гъaла;;;
NOM.PL: galube;NOM.PL: галубе;;;
страр. п. NOM.PL: ?alube;страр. п. NOM.PL: гъалубе;;;
gaza;газа;n;pick;кирка
NOM.PL: gazni;NOM.PL: газни;;;
?a?t';гIятI;n;flour;мука
haru?;гьаруш;n;heady drink;хмельной напиток, буза
NOM.PL: har?me;NOM.PL: гьаршме;;;
?ar?i;хIарши;n;bouillon;бульон
NOM.PL: ?ar?nube, ?ar?i;NOM.PL: хIаршнубе, хIарши;;;
?awa;хIава;n;shirt, dress;рубашка, платье
NOM.PL: ?awne;NOM.PL: хIавне;;;
?oli;хIoли;n;fat;сало, жир
NOM.PL: ?alme, ?albe;NOM.PL: хIалме, хIалбе;;;
h?e;гьве;n;seed;семя
NOM.PL: h?eme;NOM.PL: гьвеме;;;
?a;ъа;n;beestings;молозиво
NOM.PL: ?ame;NOM.PL: ъаме;;;
ir?i;иръи;n;wide woman belt, strap;пояс женский широкий, лямка
NOM.PL: ir?me, ir?ne;NOM.PL: иръме, иръне;;;
irxani;ирхьани;n;sickle;серп
NOM.PL: irxunt;NOM.PL: ирхьунт;;;
k'i?';кIичI;n;button, buttonhook;пуговица, крючок
NOM.PL: k'i?'e;NOM.PL: кIичIе;;;
k'ilik';кIиликI;n;ear-ring;серьга
NOM.PL: k'ilk'me;NOM.PL: кIилкIме;;;
k'?ama;кIвама;n;butter;сливочное масло
NOM.PL: k'?amne;NOM.PL: кIвамне;;;
kule?a;кулеха;n;bracelet;браслет
NOM.PL: kul?me;NOM.PL: кулхме;;;
k?art'a;квартIа;n;hammer;молоток
NOM.PL: k?art'ne;NOM.PL: квартIне;;;
la?lu;лагIлу;n;jewel in the ring;камень в кольце
NOM.PL: la?lumme;NOM.PL: лагIлумме;;;
lugi;луги;n;ear;колос
NOM.PL: luge;NOM.PL: луге;;;
muqi;мухъи;n;rye;рожь
NOM.PL: muqurbe;NOM.PL: мухъурбе;;;
neg?;негв;n;straw reduced to fragments;солома измельченная
NOM.PL: neg?ane;NOM.PL: негване;;;
ne?;нехI;n;buttermilk;сыворотка
NOM.PL: nu?ane, ne?ane;NOM.PL: нухIане, нехIане;;;
ner?;нерх;n;butter, oil;масло
NOM.PL: nur?be;NOM.PL: нурхбе;;;
ni?;ниъ;n;milk;молоко
NOM.PL: ni?ane;NOM.PL: ниъане;;;
niqa?;нихъя;n;oats;овес
NOM.PL: niqo?rbe;NOM.PL: нихъoIрбе;;;
q'a?pa;къяпа;n;cap;шапка
NOM.PL: q'a?pne;NOM.PL: къяпне;;;
q'ula;къула;n;well;колодец
NOM.PL: q'ulme;NOM.PL: къулме;;;
q'?a?ri;къвяри;n;knitted sock;носок вязаный
NOM.PL: q'?a?rme;NOM.PL: къвярме;;;
q'?e;къве;n;broiled grяn;жаренное зерно
NOM.PL: q'?eme;NOM.PL: къвеме;;;
q'?e;къве;n;grяn;зерно (собирательное)
NOM.PL: q'?eme;NOM.PL: къвеме;;;
qar;хъар;n;sheepskin coat;тулуп, шуба
NOM.PL: qarane;NOM.PL: хъаране;;;
qinc'ir;хъинцIир;n;hoe;мотыга, тяпка
NOM.PL: qinc'irt;NOM.PL: хъинцIирт;;;
q?at'ka;хъватIка;n;gauntlet;рукавица
NOM.PL: q?atk?ne;NOM.PL: хъватквне;;;
rastis;растис;n;saw;пила
NOM.PL: rastisune;NOM.PL: растисуне;;;
?'inik?;чIиникв;n;man's brяd;мужская коса
NOM.PL: ?'inikune, ?'inkbe;NOM.PL: чIиникуне, чIинкбе;;;
sapa?ki;сапашки;n;boot;сапог
Pluralia Tantum;Pluralia Tantum;;;
selisani;селисани;n;roll with gut fat;рулет на нутряном жире
NOM.PL: selisune, selisunt;NOM.PL: селисуне, селисунт;;;
t'uleka;тIулека;n;ring;кольцо
NOM.PL: t'ulkme;NOM.PL: тIулкме;;;
t'ult';тIултI;n;bread, flatbread;хлеб (лепешка)
NOM.PL: t'ult'e;NOM.PL: тIултIе;;;
warhi;варгьи;n;felt cloak, felt;бурка, войлок
NOM.PL: warhne;NOM.PL: варгьне;;;
war?a;варъа;n;honey;мед
NOM.PL: war?ne;NOM.PL: варъне;;;
wa??ag;вахчаг;n;trousers;штаны
NOM.PL: wa??agune;NOM.PL: вахчагуне;;;
?in?';хинчI;n;khinkal;хинкал
NOM.PL: ?in?'e;NOM.PL: хинчIе;;;
ze;зе;n;solt;соль
NOM.PL: zeme;NOM.PL: земе;;;
?igari;жигари;n;egg;яйцо
NOM.PL: ?igre;NOM.PL: жигре;;;
?a??ul;гIяхул;n;guest;гость, гостья
NOM.PL: ?a??le;NOM.PL: гIяхле;;;
qa??a;хъяша;n;badger;барсук
NOM.PL: qa??me;NOM.PL: хъяшме;;;
k?a?k?a?m, k(?)o?k(?)o?m;квяквям, к(в)оIк(в)оIм;n;plum;слива
NOM.PL: k?a?k?a?mt, k(?)o?k(?)o?mt;NOM.PL: квяквямт, к(в)oIк(в)oIмт;;;
?a?nuk';гIянукI;n;eagle;орел
NOM.PL: ?a?nuk'une;NOM.PL: гIянукIуне;;;
u?a?;угIя;n;cheese;сыр
NOM.PL: ?a??ne, ?o?ne, u?ne;NOM.PL: гIягIне, гIoгIне, угIне;;;
;;;;
kura, k'at'a;кура, кIатIа;n;spade, showel;лопата (деревянная, железная)
NOM.PL: kurmi, k'at'ube;NOM.PL: курми, кIатIубе;;;
g?e, i?ani;гве, игIани;n;tendon;жила
NOM.PL: g?eme, i?o?nt;NOM.PL: гвеме, игIoIнт;;;
ur?a?diq'ani;ургъядикъани;n;fat tяl;курдюк
NOM.PL: ur?a?diq'unt;NOM.PL: ургъядикъунт;;;
?ali;шали;n;side;бок
NOM.PL: ?ulme;NOM.PL: шулме;;;
aor: de?ib;aor: деъиб;v;be enough;достаточным быть
hab: bi?an, di?an;hab: биъан, диъан;;;
inf pfv: we?es;inf pvf: веъес;;;
aor: ber?ub, der?ub;aor: беръуб, деръуб;v;become dry;высохнуть, сохнуть
hab: bur?an, dur?an;hab: буръан, дуръан;;;
inf pfv: ber??es;inf pvf: беръвес;;;
aor: mi? aw?ur, mi? a?ur;aor: миъ авъур, миъ аъур;v;become frozen;замерзнуть, стать льдом
hab: mi ir?wan;hab: ми иръван;;;
inf pfv: aw?es;inf pvf: авъес;;;
aor: wel?un, del?un;aor: велгъун, делгъун;v;become full;насытиться
hab: ul?an, dul?an;hab: улгъан, дулгъан;;;
inf pfv: wel?es;inf pvf: велгъес;;;
aor: digub, bigub;aor: дигуб, бигуб;v;burn;гореть, жечь
ipf: ig?ib;ipf: игвиб;;;
inf pfv: dig?es;inf pvf: дигвес;;;
aor: wa?ba?tur, wa?b?aba?tur;aor: вябятур, вябхIабятур;v;call;звонить, звать
hab: wa?baltan;hab: вябалтан;;;
aor: (?)a??wa?qib, (?)a??da?qib, (?)a???a?qib, (?)a???a?da?qib;aor: (ъ)яшвяхъиб, (ъ)яшдяхъиб, (ъ)яшхIяхъиб, (ъ)яшхIядяхъиб;v;come back;вернуться
hab: a??dirqa?n, a??wirqa?n;hab: яшдирхъян, яшвирхъян;;;
aor: ber?ub, der?ub;aor: бергъуб, дергъуб;v;dig;копать
ipf: i??ib;ipf: игъвиб;;;
inf pfv: der??es;inf pvf: дергъвес;;;
aor: baj?aqib, baj??aqib;aor: байъахъиб, байъхIахъиб;v;divide;делить
inf pfv: baj?aqas, daj?aqas;inf pvf: байъахъас, дайъахъас;;;
aor: baq?ib, daq?ib;aor: бакъиб, дакъиб;v;do;сделать
hab: biq?an, diq?an;hab: бикъан, дикъан;;;
inf pfv: baq?as;inf pvf: бакъас;;;
aor: dit'un;aor: дитIун;v;draw;рисовать
inf: darxa?as;inf: дархьаъас;v;drive away;гнать
aor: a?ib;aor: аъиб;v;drive into;загнать в помещение птиц или телят
ipf: i?ib;ipf: иъиб;;;
inf pfv: a?as;inf pvf: аъас;;;
aor: dub a??ib;aor: дуб яъиб;v;eat;есть
hab: dub il?an;hab: дуб илъан;;;
inf pfv: dub a??as;inf pvf: дуб яъас;;;
aor: bergun;aor: бергун;v;eat (for animals);есть (о животном), сожрать
hab: bugan, dugan;hab: буган, дуган;;;
inf pfv: berges;inf pvf: бергес;;;
aor: wa?un;aor: вахун;v;feed;откармливать, выхаживать, присматривать за кем-то
hab: wal?an, bal?ul;hab: валхан, балхул;;;
inf pfv: wa?as;inf pvf: вахас;;;
aor: bem?ur, wem?ur;aor: бемжур, вемжур;v;get warm;сопреть, вспотеть
hab: um?an, dum?an;hab: умжан, думжан;;;
inf pfv: bem?es;inf pvf: бемжес;;;
aor: ba??un, da??un;aor: бяхIун, дяхIун;v;get wet;намокнуть
hab: bal??an, dal??an;hab: балхIван, далхIван;;;
inf pfv: ba???a?s;inf pvf: бяхIвяс;;;
aor: ba?lqun, da?lqun;aor: бялхъун, дялхъун;v;give good crop;давать хороший урожай
hab: lo?qan;hab: лоIхъан;;;
inf pfv: ba?lqa?s;inf pvf: бялхъяс;;;
aor: belt?un, delt?un;aor: белтIун, делтIун;v;gnaw;обгладывать кость вчистую
hab: lut?an;hab: лутIан;;;
inf pfv: belt?es;inf pvf: белтIес;;;
aor: buqun, duqun;aor: бухъун, духъун;v;go;всходить (о солнце), войти (о занозе), вырастать (о зубе), укусить (о собаке)
hab: bulqan, dulqan;hab: булхъан, дулхъан;;;
inf pfv: buqes;inf pvf: бухъес;;;
aor: der?ur, wer?ur;aor: дерхур, верхур;v;go down;залезть в яму, пойти
hab: ur?an, dur?an;hab: урхан, дурхан;;;
aor: ?e(?a)buqun;aor: че(хIа)бухъун;v;grow;расти
hab: ?ebulqan;hab: чебулхъан;;;
inf pfv: ?ebuqes;inf pvf: чебухъес;;;
aor: bikib, dikib;aor: бикиб, дикиб;v;happen;случиться
ipf: dirkib, birkib;ipf: диркиб, биркиб;;;
ipf: bukib, dukib;ipf: букиб, дукиб;v;itch;чесаться
aor: ba?un, da?un;aor: башун, дашун;v;knead;месить
hab: bal?an, dal?an;hab: балшан, далшан;;;
inf pfv: bas?es;inf pvf: башес;;;
aor: balc'un, dalc'un;aor: балцIун, далцIун;v;pick up;поднимать
hab: luc'an;hab: луцIан;;;
inf pfv: dalc'es;inf pvf: далцIес;;;
aor: bursib, dursib;aor: бурсиб, дурсиб;v;pound;толочь, мелко резать
hab: ussan;hab: уссан;;;
aor: batun, datun;aor: батун, датун;v;put on, put under;подсадить, подсунуть
hab: baltan, daltan;hab: балтан, далтан;;;
inf pfv: bates;inf pvf: батес;;;
aor: u?ib, du?ib;aor: уъиб, дуъиб;v;remяn;остаться, успокоиться, быть хорошим человеком
ipf: u?ib;ipf: уъиб;;;
inf pfv: u?es;inf pvf: уъес;;;
aor: balq?a?b, dalq?a?b;aor: балкъяб, далкъяб;v;rinse;выжимать
ipf: luq??ib;ipf: лукъIиб;;;
aor: bar?ib, dar?ib, ?abar?ib;aor: баръиб, даръиб, хIабаръиб;v;ripe;собирать поле
hab: bir?an, dir?an;hab: биръан, диръан;;;
inf pfv: bar?es;inf pvf: баръес;;;
aor: g?er(?a)baq'ib, g?er(?a)daq'ib;aor: гвер(хIа)бакъиб, гвер(хIа)дакъиб;v;rock;качать (о люльке)
inf pfv: g?erbaq'as;inf pvf: гвербакъас;;;
aor: warxib, barxib;aor: вархьиб, бархьиб;v;send;послать (о человеке, о письме)
hab: burxan, urxan;hab: бурхьан, урхьан;;;
aor: berbib;aor: бербиб;v;sew;шить
hab: iban;hab: ибан;;;
inf pfv: berbes, derbes;inf pvf: бербес, дербес;;;
aor: bergur;aor: бергур;v;spin (thread);наматывать нитку
hab: burgan, durgan;hab: бурган, дурган;;;
aor: bu?un;aor: буъун;v;spoil;портиться
hab: bul?an;hab: булъан;;;
inf pfv: bu?es, du?es;;;;
aor: bi?on, di?on;aor: бигIон, дигIон;v;steal;украсть
hab: dil?an, bil?an;hab: дилгIан, билгIан;;;
inf pfv: bi?e?s;inf pvf: бигIеIс;;;
aor: ?i batur;aor: ши батур;v;sting;"жалить (об осе, пчеле; букв. снять жало)"
ipf: ?i baltib;ipf: ши балтиб;;;
inf pfv: ?i bates;inf pvf: ши батес;;;
aor: bel?un, del?un;aor: белъун, делъун;v;tell;рассказать (о сказке, о лжи)
ipf: lu?ib;ipf: белъес;;;
inf pfv: bel?es;inf pvf: луъиб;;;
aor: wal?un, dal?un;aor: валхIун, далхIун;v;wake up;проснуться, пробудиться
hab: ul?an, dul?an;hab: улхIан, дулхIан;;;
inf pfv: wal??es;inf pvf: валхIвес;;;
aor: berq?ub, derq?ub;aor: беркъуб, деркъуб;v;wear off;щипать шерсть, распороться, соскочить (о насекомом), стать дырявым
hab: iq??an;hab: икъван;;;
inf pfv: berq??es;inf pvf: беркъвес;;;
aor: bergun, dergun;aor: бергун, дергун;v;wrap;заматывать, пеленать (ребенка)
hab: burgan, durgan;hab: бурган, дурган;;;
inf pfv: berges;inf pvf: бергес;;;
aor: witib, bitib;aor: витиб, битиб;v;beat;бить
ipf: ittib;ipf: иттиб;;;
aor: uru? wa?qib;aor: урух вяхъиб;v;be afrяd;бояться
ipf: uru?k'ib;ipf: урухкIиб;;;
inf pfv: uru? wa?qas;inf pvf: урух вяхъас;;;
aor: asib;aor: асиб;v;take;взять
hab: isan;hab: исан;;;
aor: bu(?)ib, du(?)ib;aor: бу(ъ)иб, ду(ъ)иб;v;be;случиться
hab: bu(?)an;hab: буъан;;;
inf pfv: bu?es;inf pvf: бу(ъ)ес;;;
aor: berxun, derxun;aor: берхьун, дерхьун;v;cook;готовить
hab: burxan, durxan;hab: бурхан, дурхан;;;
inf pfv: berxes;inf pvf: берхьес;;;
aor: balcib, dalcib;aor: балциб, далциб;v;spin (thread);прясть, подобрать
hab: balcan;hab: балцан;;;
inf pfv: balces;inf pvf: балцес;;;
aor: ba?q?un, da?q?un;aor: бякъун, дякъун;v;go;идти
hab: ba?an, da?an;hab: башан, дашан;;;
inf pfv: do?q?es;inf pvf: дoIкъес;;;
aor: wa?q?un, da?q?un, ba?q?un;aor: вякъун, дякъун, бякъун;v;go;пойти, войти
ipf: ur?ib;ipf: урхиб;;;
inf pfv: uq?e?s, duq?e?s;inf pvf: укъеIс, дукъеIс;;;
aor: bek?ib, dek'ib;aor: бекIиб, декIиб,;v;choose;выбирать
hab: delk?an, luk'an;hab: делкIан, лукIан;;;
inf pfv: bek?es;inf pvf: бекIес;;;
aor: bir?ib, dir?ib;aor: биргIиб, диргIиб;v;swallow;глотать
ipf: i?ib;ipf: игIиб;;;
inf pfv: bir?es, dir?es;inf pvf: биргIес, диргIес;;;
aor: ib;aor: иб;v;say;сказать
ipf: buk?ib;ipf: букIиб;;;
inf pfv: es;inf pvf: ес;;;
ipf: u?aq'ib, du?aq'ib, du?a?aq'ib;ipf: ухIакъиб, духIакъиб, духIахIакъиб;v;talk;говорить
aor: gib;aor: гиб;v;give;давать
hab: lugan;hab: луган;;;
aor: ur?es wikib;aor: ургъес викиб;v;fight;бороться
hab: ur?an;hab: ургъан;;;
aor: derkun, berkun;aor: деркун, беркун;v;eat;есть
hab: ukan, dukan;hab: укан, дукан;;;
inf pfv: berk?es, derk?es;inf pvf: берквес, дерквес;;;
aor: qumartur, qum?artur;aor: хъумартур, хъумхIартур;v;forget;забывать
hab: qumurtan;hab: хъумуртан;;;
aor: anni baq'ib;aor: анни бакъиб;v;finish;перестать
aor: q'a?b?ib, ?aq'a?b?ib;aor: къябъиб, хIакъябъиб;v;close;закрыть
hab: q'i?b?an;hab: къиIбгIан;;;
inf pfv: q'a?b?es;inf pvf: къябгIес;;;
aor: bic?ib;aor: бицIиб;v;fill;заполнить
ipf: bilc?uwe;ipf: билцIуве;;;
inf pfv: bic?es;inf pvf: бицIес;;;
aor: barcur, darcur;aor: барцур, дарцур;v;stuck;застрять
ipf: burcib, durcib;ipf: бурциб, дурциб;;;
inf pfv: barces, darces;inf pvf: барцес, дарцес;;;
aor: bahur, dahur;aor: багьур, дагьур;v;know;знать
hab: balhas, dalhan, balhan, balhul;hab: балгьас, далгьан, балгьан, балгьул;;;
inf pfv: bahas;inf pvf: багьас;;;
aor: ihub;aor: игьуб;v;throw;кидать, стелить
ipf: irh?ib;ipf: иргьвиб;;;
inf pfv: ih?es;inf pvf: игьвес;;;
aor: rur?ar buq?un;aor: руржар букъун;v;shiver;кипеть, дрожать
ipf: rur?ib;ipf: руржиб;;;
aor: bi?qi?b, di?qi?b;aor: бишхъиIб, дишхъиIб;v;mow;косить (сено), свежевать (барана), содрать (кожу себе), сорвать (косынку)
ipf: i?qi?b;ipf: ишхъиIб;;;
inf pfv: bi?qe?s, di?qe?s;inf pvf: бишхъеIс, дишхъеIс;;;
aor: hilixib, hildixib;aor: гьилихьиб, гьилдихьиб;v;lie;лежать
ipf: hilixile lewre;ipf: гьилихьиле левре;;;
inf pfv: hilixes;inf pvf: гьилихьес;;;
aor: bi?ib, di?ib;aor: бижиб, дижиб;v;lick;лизать
hab: i?an;hab: ижан;;;
inf pfv: bi?es;inf pvf: бижес;;;
aor: al??un;aor: алчIун;v;balden;линять
hab: ul??an;hab: улчIан;;;
inf pfv: al??es;inf pvf: алчIес;;;
aor: war?ib;aor: варгIиб;v;freeze;замёрзнуть, простыть
hab: wir?an, dir?an,;hab: виргIан, диргIан;;;
inf pfv: dar?as, war?as;inf pvf: даргIас, варгIас;;;
aor: ?ajk'ib, ?ajk'?ajk'ib;aor: ъайкIиб, ъайкихIайкIиб;v;sweep;мести
hab: ?ajk'an, ?aj?ajk'an;hab: ъайкIан, ъайхIайкIан;;;
inf pfv: ?ajk'es;inf pvf: ъайкIес;;;
aor: ik?ub;aor: икIуб;v;put on;надевать (об одежде)
hab: irk??an;hab: иркIван;;;
inf pfv: ik??es;inf pvf: икIвес;;;
aor: bargib, dargib, ?adargib;aor: баргиб, даргиб, хIадаргиб;v;find;найти
hab: burgan, durgan;hab: бурган, дурган;;;
inf pfv: barges;inf pvf: баргес;;;
aor: wa(?)ib, da(?)ib;aor: ва(ъ)иб, да(ъ)иб;v;begin;начинать, доехать
hab: wi(?)an, di(?)an;hab: ви(ъ)ан, ди(ъ)ан;;;
inf pfv: ba?as, wa?es;inf pvf: ба(ъ)ас, ва(ъ)ес;;;
aor: kal?un;aor: калъун;v;remяn;остаться (дома), забыть (что-то где-то)
hab: kul?an;hab: кулъан;;;
inf pfv: kal?es;inf pvf: калгIес;;;
aor: abxib;aor: абхьиб;v;open;открыть
hab: ibxan;hab: ибхьан;;;
inf pfv: abxes;inf pvf: абхьес;;;
aor: bercib, dercib;aor: берциб, дерциб;v;tear;рваться, разводиться
hab: ucan;hab: уцан;;;
aor: belk?un, delk?un;aor: белкIун, делкIун;v;write;написать, лепить (пельмени), долбить
hab: luk?an;hab: лукIан;;;
inf pfv: belk?es;inf pvf: белкIес;;;
aor: wissib, dissib, wisses wa?ib;aor: виссиб, диссиб, виссес ваъиб;v;weep;плакать
hab: wissan, dissan;hab: виссан, диссан;;;
aor: delq?un, belq?un;aor: делкъун, белкъун;v;turn;поворачиваться, крутиться, молоть (зерно), кружиться (о голове)
ipf: luq?ib;ipf: лукъиб;;;
aor: irc?ib;aor: ирцIиб;v;weed (crop field);пропалывать
ipf: irc?ib;ipf: ирцIиб;;;
inf pfv: irc?es;inf pvf: ирцIес;;;
aor: dihun, bihun;aor: дигьун, бигьун;v;tie;привязывать
hab: bilhan, dilhan;hab: билгьан, дтлгьан;;;
aor: bak?ib, dak?ib;aor: бакIиб, дакIиб;v;come;приходить, воткнуть (кинжал)
hab: dik?an, wik?an;hab: дикIан, викIан;;;
inf pfv: wak'as;inf pvf: вакIас;;;
aor: arur;aor: арур;v;sift;сеять (муку, песок)
hab: uran;hab: уран;;;
inf pfv: ares;inf pvf: арес;;;
aor: dem?ur;aor: демхур;v;swell;пухнуть
hab: bum?an, dum?an;hab: бумхан, думхан;;;
aor: watur, datur;aor: ватур, датур;v;take off (clothes);раздеваться
hab: baltan, daltan;hab: балтан, далтан;;;
aor: al?un;aor: алгIун;v;cut;резать
hab: ul?an;hab: улгIан;;;
inf pfv: al?es;inf pvf: алъес;;;
aor: duhib;aor: дугьиб;v;scold;ругать
ipf: uhib, duhib;ipf: угьиб, дугьиб;;;
aor: kaj?ib, kadi?ib;aor: кайъиб, кадиъиб;v;sit;сидеть
hab: kar?an, kadir?an;hab: каръан, кадиръан;;;
inf pfv: kajes;inf pvf: кайэс;;;
aor: bu?un, du?un;aor: бушун, душун;v;die (of fire);сгореть
hab: dul?an, bul?an;hab: дулшан, булшан;;;
inf pfv: bu?es;inf pvf: бушес;;;
aor: be?ub;aor: бегIуб;v;seed;засеивать
hab: bel??an, del??an;hab: белгIван, делгIван;;;
inf pfv: be??es, de??es;inf pvf: бегивес, дегивес;;;
aor: du?irk'es da(?)ib;aor: дучиркIес да(ъ)иб;v;laugh;смеяться
hab: du?irk'an, du?i?ark'an,;hab: дучиркIан, дучихIаркIан;;;
aor: gub;aor: губ;v;see;видеть
hab: irg?an;hab: иргван;;;
inf pfv: g?es;inf pvf: гвес;;;
aor: ba(?)ib, da(?)ib;aor: ба(ъ)иб, да(ъ)иб;v;ripen;созреть, раздулась (о реке)
hab: di(?)an, bi(?)an;hab: ди(ъ)ан, би(ъ)ан;;;
inf pfv: ba(?)as;inf pvf: ба(ъ)ас;;;
aor: berqib;aor: берхъиб;v;suck;сосать
hab: buqan, duqan;hab: бухъан, духъан;;;
inf pfv: berqes;inf pvf: берхъес;;;
aor: bixib, dixible;aor: бихьиб, дихьибле;v;put, place;положить
ipf: birxib;ipf: бирхьиб;;;
inf pfv: bixes, dixes;inf pvf: бихьес, дихьес;;;
aor: der?ur, ber?ur;aor: дерчур, берчур;v;cut hяr;стричь (о волосах)
ipf: bur?uwe;ipf: бурчуве;;;
inf pfv: ber?es, der?es;inf pvf: берчес, дерчес;;;
aor: burc?ib, durc?ib;aor: бурцIиб, дурцIиб;v;shear;стричь (о шерсти)
ipf: uc?ib;ipf: уцIиб;;;
inf pfv: burc?es;inf pvf: бурцIес;;;
aor: (dur)aq?ur;aor: (дур)акъур;v;pour;сыпать
hab: (dur)ulq?an;hab: (дур)улкъан;;;
inf pfv: aq'as;inf pvf: акъас;;;
aor: dac?ib, bac?ib;aor: дацIиб, бацIиб;v;thaw, melt;плавиться
ipf: dic?uwe;ipf: дицIуве;;;
inf pfv: dac'es;inf pvf: дацIес;;;
aor: war?ib, dar?ib;aor: вархиб, дархиб;v;touch;прикасаться
hab: bir?an, wir?an, dir?an;hab: бирхан, вирхан, дирхан;;;
inf pfv: war?es;inf pvf: вархес;;;
aor: bit'ak'ib;aor: битIакIиб;v;pull;тянуть
hab: bit'irk'an, dit'irk'an, bit'?ark'an;hab: битIиркIан, дитIиркIан, битIхIаркIан;;;
aor: wa?b?ib, da?b?ib;aor: вябгIиб, дябгIиб;v;kill;убить
hab: wib?an, dib?an;hab: вибгIан, дибгIан;;;
inf pfv: wa?b?as;inf pvf: вябгIас;;;
aor: arikib, ardikib, arbikib;aor: арикиб, ардикиб, арбикиб;v;fall down;упасть
hab: arirkan, ardirkan;hab: ариркан, ардиркан;;;
aor: arba?q?un, ara?q?un;aor: арбякъун, арякъун;v;go away;уходить
aor: warzur, darzur;aor: варзур, дарзур;v;prяse;хвалить
hab: urzan, durzan;hab: урзан, дурзан;;;
aor: biges ba(?)ib;aor: бигес баъиб;v;want;хотеть
ipf: bigib, digib;ipf: бигиб, дигиб;;;
aor: wisq?ib;aor: вискъиб;v;look;смотреть
inf pfv: wisq?es;inf pvf: вискъес;;;
aor: berzib, derzib;aor: берзиб, дерзиб;v;milk;доить
ipf: izib;ipf: изиб;;;
inf pfv: berzes, derzes;inf pvf: берзес, дерзес;;;
aor: berc?ib;aor: берцIиб;v;fry;жарить, подтянуться
ipf: buc?ib;ipf: буцIиб;;;
inf pfv: berc?es, derc?es;inf pvf: берцIес, дерцIес;;;
aor: ask?ur;aor: аскIур;v;catch on;прицепиться
hab: usk?an;hab: ускIан;;;
inf pfv: ask'es;inf pvf: аскIес;;;
aor: irxib;aor: ирхьиб;v;fly;лететь
ipf: irxib;ipf: ирхьиб;;;
inf pfv: irxes;inf pvf: ирхьес;;;
aor: irxib;aor: arcur;v;fly;летать
ipf: irxib;ipf: urcib;;;
inf pfv: irxes;inf pvf: arces;;;
aor: el?un;aor: элъун;v;count;считать
hab: ul?an;hab: улъан;;;
inf pfv: el?es;inf pvf: элъес;;;
aor: art?ur;aor: артIур;v;pour liquid;наливать
ipf: urt?ib;ipf: уртIиб;;;
inf pfv: art?es;inf pvf: артIес;;;
aor: bucib, ducib;aor: буциб, дуциб;v;catch;ловить, нанимать
ipf: dulcib, bulcib;ipf: дулциб, булциб;;;
inf pfv: buces;inf pvf: буцес;;;
aor: bor?ob, dor?ob;aor: бoргIоб, дoргIоб;v;break;ломать
ipf: u?ib;ipf: угIиб;;;
inf pfv: bor?es, dor?es;inf pvf: бoргIес, дoргIес;;;
aor: bulqes abizes;aor: булхъес абизес;v;dance;танцевать
hab: bulqan, dulqan;hab: булхъан, дулхъан;;;
aor: burhul;aor: бургьул;v;be possible, be capable, be necessary;возможным быть, мочь, долженствовать
aor: dazib, bazib;aor: дазиб, базиб;v;wash (head, dishes);мыть
ipf: dizib;ipf: дизиб;;;
inf pfv: dazes, bazes;inf pvf: дазес, базес;;;
aor: ba?ldun, wa?ldun;aor: бялдун, вялдун;v;hide;прятать
hab: ba?ldan, da?ldan, bu?ldan, du?ldan;hab: бялдан, дялдан, буIлдан, дуIлдан;;;
inf pfv: ba?ldes;inf pvf: бялдес;;;
aor: derzib;aor: дерзиб;v;roast;жарить
ipf: duzib, buzib;ipf: дузиб, бузиб;;;
inf pfv: derzes, berzes;inf pvf: дерзес, берзес;;;
aor: delkun, belkun;aor: делкун, белкун;v;saw;спилить, распилить
ipf: lukib;ipf: лукиб;;;
inf pfv: belkes;inf pvf: белкес;;;
aor: ber?ib;aor: бержиб;v;drink;пить
ipf: bu?ib, du?ib;ipf: бужиб, дужиб;;;
inf pfv: ber?es;inf pvf: бержес;;;
aor: bicib;aor: бициб;v;sell;продавать
ipf: bilcib;ipf: билциб;;;
inf pfv: bices;inf pvf: бицес;;;
aor: arbu?aqib, ardu?aqib;aor: арбуъахъиб, ардуъахъиб;v;lose;терять
hab: arbul?aqan, ardul?aqan, ar?abulaqan;hab: арбулъахъан, ардулъахъан, архIабулахъан;;;
ipf: uzib;ipf: узиб;v;work;работать
;;;;
;;;;
aor: ar?ib;aor: аргъиб;v;hear;слышать
hab: ir?an;hab: иргъан;;;
inf pfv: ar?es;inf pvf: аргъес;;;
aor: dalc?un, balc?un;aor: далцIун, балцIун;v;collect (ears);подбирать (камушки, колосья), перебирать (гречку)
ipf: luc?ib;ipf: луцIиб;;;
inf pfv: balc?es;inf pvf: балцIес;;;
aor: dercib, bercib;aor: дерциб, берциб;v;wash (linen);стирать (белье, одежда)
ipf: ucib;ipf: уциб;;;
inf pfv: derces, berces;inf pvf: дерцес, берцес;;;
aor: webk?ib, debk?ib;aor: вебкIиб, дебкIиб;v;die;умереть
ipf: ubk?ib, dubk?ib;ipf: убкIиб, дубкIиб;;;
inf pfv: bebk?es, webk?es;inf pvf: бебкIес, вебкIес;;;
aor: bel??un;aor: белчIун;v;read;читать, учиться
ipf: lu??ib;ipf: лучIиб;;;
inf pfv: bel??es;inf pvf: белчIес;;;
aor: bar?ib, dar?ib;aor: баръиб, даръиб;v;gather;собрать
hab: bir?an, dir?an;hab: биръан, диръан;;;
inf pfv: bar?es;inf pvf: баръес;;;
aor: buhub, duhub;aor: бугьуб, дугьуб;v;become;стать
ipf: burhan;ipf: бургьан;;;
inf pfv: buhes;inf pvf: бугьес;;;
aor: dertib;aor: дертиб;v;harden;створожиться (молоко, творог)
hab: ut(t)an;hab: уттан;;;
inf pfv: bertes, dertes;inf pvf: бертес, дертес;;;
aor: bor?ib, dor?ib;aor: бoрхиб, дoрхиб;v;stab;играть (в бильярд), втыкать
hab: ir?an;hab: ирхан;;;
inf pfv: dor?es;inf pvf: дoрхес;;;
;;;;
;;;;
aor: ba?aqib, da?aqib;aor: баъахъиб, даъахъиб;v;hit;ударить
hab: bi?aqan, di?aqan;hab: биъахъан, диъахъан;;;
inf pfv: ba?aqas;inf pvf: баъахъас;;;
aor: kib;aor: киб;v;lead here;привести
ipf: dikib, wikib;ipf: дикиб, викиб;;;
aor: batur a?ib;aor: батур а(ъ)иб;v;let go;отпустить, отвязать
ipf: batur i?ib;ipf: батур и(ъ)иб;;;
inf pfv: batur a?as, watur a?as;inf pvf: батур а(ъ)ас, ватур а(ъ)ас;;;
inv ipf: ?ule bizes;inv ipf: хIуле бизес;v;look;смотреть
;;;;
aor: aqib;aor: ахъиб;v;rяse, climb;подняться, зайти (о солнце), повесить
hab: iqan;hab: ихъан;;;
inf pfv: aqas;inf pvf: ахъас;;;
aor: ba?ib, wa?ib;aor: баъиб, ваъиб;v;reach;достичь
hab: wi?an, bi?an;hab: виъан, биъан;;;
inf pfv: wa?es;inf pvf: ваъес;;;
aor: ber?ib, der?ib;aor: берхIиб, дерхIиб;v;rotten;испортиться (об овощах, о сене)
hab: du?an, bu?an;hab: духIан, бухIан;;;
inf pfv: der?es;inf pvf: дерхIес;;;
aor: dit?un, bit?un;aor: дитIун, битIун;v;take out;вынуть, открыть
ipf: bilt?ib, dilt?ib;ipf: билтIиб, дилтIиб;;;
inf pfv: bit?es;inf pvf: битIес;;;
aor: burhib, durhib;aor: бургьиб, дургьиб;v;tell;рассказывать
ipf: durhib;ipf: дургьиб;;;
inf pfv: burhes;inf pvf: бургьес;;;
aor: burdib, durdib;aor: бурдиб, дурдиб;v;become worn;износиться, порваться, рвать (траву), срывать (яблоко)
ipf: udib;ipf: удиб;;;
inf pfv: burdes;inf pvf: бурдес;;;
aor: ukib, bukib;aor: укиб, букиб;v;lead (away);уводить
ipf: dikib, wikib;ipf: дикиб, викиб;;;
aor: umcur;aor: умцур;v;weight, measure;весить
ipf: umcib;ipf: умциб;;;
inf pfv: umces;inf pvf: умцес;;;
aor: ajzur, adizur, ad?ajzur, ad?adizur;aor: айзур, адизур, адхIайзур, адхIадизур;v;stand up;встать
ipf: alzib, adilzib, ad?alzib, ad?adilzib;ipf: алзиб, адилзиб, адхIалзиб, адхIадилзиб;;;
inf pfv: ajzes, adizes;inf pvf: айзес, адизес;;;
aor: izes ba?ib;aor: изес ба(ъ)иб;v;be ill;болеть
ipf: izib;ipf: изиб;;;
inf pfv: izes ba?es;inf pvf: изес ба(ъ)ес;;;
